"Model","Target","RMSE","MAE","MAPE","R2","Cumulative_Return","Sharpe_Ratio","Max_Drawdown"
"LinearRegression_Technical","Target_5_Price",7.47022015551488,5.39917811262722,0.0623745910963629,0.970955661409644,-0.893590768480476,-2.24912231056031,0.895721315806594
"LinearRegression_Technical","Target_10_Price",9.16654396860462,6.74062865904073,0.0794813066322356,0.955902510486132,-0.881421650952738,-2.18065754308387,0.884859480659534
"LinearRegression_Technical","Target_21_Price",12.5070832656571,9.29663963207149,0.110327725822056,0.916435199339493,-0.861973221068748,-2.21076981837049,0.866967083358972
"LinearRegression_Economic","Target_5_Price",79.7325655497307,68.841575588918,0.762091323138817,-2.30876684937144,0,NA,0
"LinearRegression_Economic","Target_10_Price",80.0963345589724,69.332342777144,0.766558506399613,-2.36688201442626,0,NA,0
"LinearRegression_Economic","Target_21_Price",80.7233918767662,70.2005349023544,0.772087200844616,-2.48104873303753,0,NA,0
"LinearRegression_All","Target_5_Price",7.78772421169543,5.70802844862712,0.0664604031411064,0.968434271597828,-0.85636399229394,-2.02124887400981,0.859239901721932
"LinearRegression_All","Target_10_Price",10.6017118141619,7.99679750813893,0.0946363996537574,0.94101323171908,-0.806060074984545,-2.08810197146843,0.806060074984545
"LinearRegression_All","Target_21_Price",16.6471549206505,12.7732891772125,0.150437164465226,0.851955819081494,-0.626429553462271,-1.68969537172291,0.634149254574786
